0,1,3,100% Stacked Bar Chart
0,2,1,100% Stacked Bar Chart
0,5,1,Bar Chart
0,5,1,Bar Chart
0,5,1,Bar Chart
1,819,1,Line in time series
1,819,3,Line in time series
1,108,2,Time Series Bubble Chart
1,108,1,Line in time series
1,108,1,Line in time series
1,108,2,Time Series Bubble Chart
1,108,2,Time Series Bubble Chart
1,107,1,Line in time series
1,106,2,Time Series Bubble Chart
1,111,2,Time Series Bubble Chart
1,112,4,Line in time series
1,103,1,Line in time series
1,109,1,Line in time series
1,109,1,Line in time series
1,109,2,Time Series Bubble Chart
1,109,1,Line in time series
1,100,2,Time Series Bubble Chart
1,99,2,Time Series Bubble Chart
1,108,2,Time Series Bubble Chart
1,19,1,Line in time series
1,356,3,Line in time series
1,356,2,Time Series Bubble Chart
1,713,2,Time Series Bubble Chart
1,356,3,Line in time series
0,5,1,Pie
0,5,1,Pie
0,1,5,Stacked Bar Chart
0,5,2,Stacked Bar Chart
0,1,3,Stacked Bar Chart
0,12,2,Stacked Column Chart
0,12,2,Stacked Column Chart
0,12,2,Stacked Column Chart
0,12,2,Stacked Column Chart
