97,timeseries_line,"{""Timestamp"":""TIMESTAMP"",""Workflow Type"":""VARCHAR"",""No. of Entries"":""INTEGER""}"
89,timeseries_line,"{""Timestamp"":""TIMESTAMP"",""Status"":""NVARCHAR"",""No. of Entries"":""INTEGER""}"
6,column,"{""Workflow Type"":""VARCHAR"",""No. of entries"":""INTEGER""}"
4,column,"{""Dump Type"":""NVARCHAR"",""Dumps"":""INTEGER"",""Timestamp"":""NVARCHAR"",""Month"":""NVARCHAR"",""Day"":""NVARCHAR"",""Hour"":""NVARCHAR""}"
12,stacked_column,"{""Dump Type"":""NVARCHAR"",""SYSID"":""NVARCHAR"",""Dumps"":""INTEGER"",""Timestamp"":""NVARCHAR"",""Month"":""NVARCHAR"",""Day"":""NVARCHAR"",""Hour"":""NVARCHAR""}"
12,column,"{""Day"":""INTEGER"",""Hour"":""INTEGER"",""Queue State"":""NVARCHAR"",""Timestamp"":""NVARCHAR"",""No. of Entries"":""INTEGER""}"
3,column,"{""Day"":""INTEGER"",""Hour"":""INTEGER"",""Queue State"":""NVARCHAR"",""Timestamp"":""NVARCHAR"",""No. of Entries"":""INTEGER""}"
4,column,"{""IDOC State"":""VARCHAR"",""Timestamp"":""NVARCHAR"",""Avg. no. of Entries"":""INTEGER""}"
3,column,"{""BDOC State"":""VARCHAR"",""Timestamp"":""NVARCHAR"",""Avg. no. of Entries"":""INTEGER""}"
6,column,"{""Timestamp"":""NVARCHAR"",""Workflow Type"":""VARCHAR"",""No. of Entries"":""INTEGER""}"
7,column,"{""Timestamp"":""TIMESTAMP"",""Update Request Type"":""SMALLINT"",""No. of Entries"":""INTEGER""}"
4,column,"{""UpdateRequest Status"":""SMALLINT"",""No. of Entries"":""INTEGER""}"
3,timeseries_column,"{""Counter"":""INTEGER"",""TIME"":""TIMESTAMP""}"
35,pie,"{""Category"":""NVARCHAR"",""Dump Type"":""NVARCHAR"",""Dumps"":""INTEGER""}"
121,timeseries_line,"{""Timestamp"":""TIMESTAMP"",""Category"":""NVARCHAR"",""Dumps"":""INTEGER""}"
5,pie,"{""Category"":""NVARCHAR"",""Dump Type"":""NVARCHAR"",""Dumps"":""INTEGER""}"
24,stacked_column,"{""Uptime"":""DECIMAL"",""Planned Downtime"":""DECIMAL"",""Emergency Downtime"":""DECIMAL"",""Unplanned Downtime"":""DECIMAL"",""Date"":""NVARCHAR""}"
29,stacked_column,"{""Calendar Week "":""NVARCHAR"",""Uptime"":""DECIMAL"",""Planned Downtime"":""DECIMAL"",""Emergency Downtime"":""DECIMAL"",""Unplanned Downtime"":""DECIMAL""}"
10,stacked_column,"{""Month"":""INTEGER"",""Uptime"":""DECIMAL"",""Planned Downtime"":""DECIMAL"",""Emergency Downtime"":""DECIMAL"",""Unplanned Downtime"":""DECIMAL"",""Year"":""INTEGER""}"
1152,timeseries_line,"{""Used CPUs "":""DECIMAL"",""ROOTTYPE_DISP"":""VARCHAR"",""TIME"":""TIMESTAMP""}"
1728,timeseries_line,"{""Server"":""NVARCHAR"",""Timestamp"":""TIMESTAMP"",""Waiting WPs"":""DECIMAL"",""DB Activity"":""DECIMAL"",""No. of CPUs"":""DECIMAL"",""Avg. No of WPs"":""DECIMAL""}"
193,timeseries_line,"{""Avg. CPU %"":""INTEGER"",""Max. CPU %"":""INTEGER"",""TIME"":""TIMESTAMP""}"
289,dual_timeseries_combination,"{""Timestamp"":""TIMESTAMP"",""Avg. CPU %"":""INTEGER"",""Max. CPU %"":""INTEGER"",""Avg. Dia. WPs"":""INTEGER""}"
289,dual_timeseries_combination,"{""Timestamp"":""TIMESTAMP"",""User Memory [GB]"":""INTEGER"",""Sessions"":""INTEGER"",""Users"":""INTEGER""}"
1734,timeseries_line,"{""Timestamp"":""TIMESTAMP"",""Server"":""NVARCHAR"",""Max. Dia. WPs"":""INTEGER""}"
1734,timeseries_line,"{""Timestamp"":""TIMESTAMP"",""Server"":""NVARCHAR"",""Users"":""INTEGER""}"
1734,timeseries_line,"{""Timestamp"":""TIMESTAMP"",""Server"":""NVARCHAR"",""Max. CPU %"":""INTEGER""}"
1734,timeseries_line,"{""Timestamp"":""TIMESTAMP"",""Server"":""NVARCHAR"",""User Memory [GB]"":""INTEGER""}"
289,dual_timeseries_combination,"{""Timestamp"":""TIMESTAMP"",""Avg. CPU %"":""INTEGER"",""Max. CPU %"":""INTEGER"",""Max. Dia. WPs"":""INTEGER""}"
289,dual_timeseries_combination,"{""Timestamp"":""TIMESTAMP"",""User Memory [GB]"":""INTEGER"",""Sessions"":""INTEGER"",""Users"":""INTEGER""}"
193,dual_timeseries_combination,"{""User Memory [GB]"":""INTEGER"",""Sessions"":""INTEGER"",""Users"":""INTEGER"",""TIME"":""TIMESTAMP""}"
289,dual_timeseries_combination,"{""Timestamp"":""TIMESTAMP"",""User Memory [GB]"":""INTEGER"",""Users"":""INTEGER"",""Sessions"":""INTEGER""}"
289,dual_timeseries_combination,"{""Timestamp"":""TIMESTAMP"",""Avg. CPU %"":""INTEGER"",""Avg.Paging in [MB per s]"":""INTEGER"",""Avg.Paging out [MB per s]"":""INTEGER""}"
1734,timeseries_line,"{""Timestamp"":""TIMESTAMP"",""Server"":""NVARCHAR"",""Users"":""INTEGER""}"
1734,timeseries_line,"{""Timestamp"":""TIMESTAMP"",""Server"":""NVARCHAR"",""Max. CPU %"":""INTEGER""}"
1734,timeseries_line,"{""Timestamp"":""TIMESTAMP"",""Server"":""NVARCHAR"",""User Memory [GB]"":""INTEGER""}"
1734,timeseries_line,"{""Timestamp"":""TIMESTAMP"",""Server"":""NVARCHAR"",""Avg. Paging Out [MB per s]"":""INTEGER"",""Avg. Paging In [MB per s]"":""INTEGER""}"
289,dual_timeseries_combination,"{""Timestamp"":""TIMESTAMP"",""User Memory [GB]"":""INTEGER"",""Sessions"":""INTEGER"",""Users"":""INTEGER""}"
289,dual_timeseries_combination,"{""Timestamp"":""TIMESTAMP"",""Avg. CPU %"":""INTEGER"",""Paging Out [MB per s]"":""INTEGER"",""Paging in [MB per s]"":""INTEGER""}"
193,dual_timeseries_combination,"{""User Memory [GB]"":""INTEGER"",""Sessions"":""INTEGER"",""Users"":""INTEGER"",""TIME"":""TIMESTAMP""}"
289,dual_timeseries_combination,"{""Timestamp"":""TIMESTAMP"",""User Memory [GB]"":""INTEGER"",""Users"":""INTEGER"",""Sessions"":""INTEGER""}"
289,dual_timeseries_combination,"{""Timestamp"":""TIMESTAMP"",""Avg. CPU %"":""INTEGER"",""Avg.Paging in [MB per s]"":""INTEGER"",""Avg.Paging out [MB per s]"":""INTEGER""}"
1734,timeseries_line,"{""Timestamp"":""TIMESTAMP"",""Server"":""NVARCHAR"",""Users"":""INTEGER""}"
1734,timeseries_line,"{""Timestamp"":""TIMESTAMP"",""Server"":""NVARCHAR"",""Max. CPU %"":""INTEGER""}"
1734,timeseries_line,"{""Timestamp"":""TIMESTAMP"",""Server"":""NVARCHAR"",""User Memory [GB]"":""INTEGER""}"
1734,timeseries_line,"{""Timestamp"":""TIMESTAMP"",""Server"":""NVARCHAR"",""Avg. Paging Out [MB per s]"":""INTEGER"",""Avg. Paging In [MB per s]"":""INTEGER""}"
289,dual_timeseries_combination,"{""Timestamp"":""TIMESTAMP"",""User Memory [GB]"":""INTEGER"",""Sessions"":""INTEGER"",""Users"":""INTEGER""}"
289,dual_timeseries_combination,"{""Timestamp"":""TIMESTAMP"",""Avg. CPU %"":""INTEGER"",""Paging Out [MB per s]"":""INTEGER"",""Paging in [MB per s]"":""INTEGER""}"
193,dual_timeseries_combination,"{""User Memory [GB]"":""INTEGER"",""Sessions"":""INTEGER"",""Users"":""INTEGER"",""TIME"":""TIMESTAMP""}"
289,dual_timeseries_combination,"{""Timestamp"":""TIMESTAMP"",""User Memory [GB]"":""INTEGER"",""Users"":""INTEGER"",""Sessions"":""INTEGER""}"
289,dual_timeseries_combination,"{""Timestamp"":""TIMESTAMP"",""Avg. CPU %"":""INTEGER"",""Avg.Paging in [MB per s]"":""INTEGER"",""Avg.Paging out [MB per s]"":""INTEGER""}"
1734,timeseries_line,"{""Timestamp"":""TIMESTAMP"",""Server"":""NVARCHAR"",""Users"":""INTEGER""}"
1734,timeseries_line,"{""Timestamp"":""TIMESTAMP"",""Server"":""NVARCHAR"",""Max. CPU %"":""INTEGER""}"
1734,timeseries_line,"{""Timestamp"":""TIMESTAMP"",""Server"":""NVARCHAR"",""User Memory [GB]"":""INTEGER""}"
1734,timeseries_line,"{""Timestamp"":""TIMESTAMP"",""Server"":""NVARCHAR"",""Avg. Paging Out [MB per s]"":""INTEGER"",""Avg. Paging In [MB per s]"":""INTEGER""}"
289,dual_timeseries_combination,"{""Timestamp"":""TIMESTAMP"",""User Memory [GB]"":""INTEGER"",""Sessions"":""INTEGER"",""Users"":""INTEGER""}"
289,dual_timeseries_combination,"{""Timestamp"":""TIMESTAMP"",""Avg. CPU %"":""INTEGER"",""Paging Out [MB per s]"":""INTEGER"",""Paging in [MB per s]"":""INTEGER""}"
193,dual_timeseries_combination,"{""User Memory [GB]"":""INTEGER"",""Sessions"":""INTEGER"",""Users"":""INTEGER"",""TIME"":""TIMESTAMP""}"
289,dual_timeseries_combination,"{""Timestamp"":""TIMESTAMP"",""User Memory [GB]"":""INTEGER"",""Users"":""INTEGER"",""Sessions"":""INTEGER""}"
289,dual_timeseries_combination,"{""Timestamp"":""TIMESTAMP"",""Avg. CPU %"":""INTEGER"",""Avg.Paging in [MB per s]"":""INTEGER"",""Avg.Paging out [MB per s]"":""INTEGER""}"
1734,timeseries_line,"{""Timestamp"":""TIMESTAMP"",""Server"":""NVARCHAR"",""Users"":""INTEGER""}"
1734,timeseries_line,"{""Timestamp"":""TIMESTAMP"",""Server"":""NVARCHAR"",""Max. CPU %"":""INTEGER""}"
1734,timeseries_line,"{""Timestamp"":""TIMESTAMP"",""Server"":""NVARCHAR"",""User Memory [GB]"":""INTEGER""}"
1734,timeseries_line,"{""Timestamp"":""TIMESTAMP"",""Server"":""NVARCHAR"",""Avg. Paging Out [MB per s]"":""INTEGER"",""Avg. Paging In [MB per s]"":""INTEGER""}"
289,dual_timeseries_combination,"{""Timestamp"":""TIMESTAMP"",""User Memory [GB]"":""INTEGER"",""Sessions"":""INTEGER"",""Users"":""INTEGER""}"
289,dual_timeseries_combination,"{""Timestamp"":""TIMESTAMP"",""Avg. CPU %"":""INTEGER"",""Paging Out [MB per s]"":""INTEGER"",""Paging in [MB per s]"":""INTEGER""}"
193,dual_timeseries_combination,"{""User Memory [GB]"":""INTEGER"",""Sessions"":""INTEGER"",""Users"":""INTEGER"",""TIME"":""TIMESTAMP""}"
289,dual_timeseries_combination,"{""Timestamp"":""TIMESTAMP"",""User Memory [GB]"":""INTEGER"",""Users"":""INTEGER"",""Sessions"":""INTEGER""}"
289,dual_timeseries_combination,"{""Timestamp"":""TIMESTAMP"",""Avg. CPU %"":""INTEGER"",""Avg.Paging in [MB per s]"":""INTEGER"",""Avg.Paging out [MB per s]"":""INTEGER""}"
1734,timeseries_line,"{""Timestamp"":""TIMESTAMP"",""Server"":""NVARCHAR"",""Users"":""INTEGER""}"
1734,timeseries_line,"{""Timestamp"":""TIMESTAMP"",""Server"":""NVARCHAR"",""Max. CPU %"":""INTEGER""}"
1734,timeseries_line,"{""Timestamp"":""TIMESTAMP"",""Server"":""NVARCHAR"",""User Memory [GB]"":""INTEGER""}"
1734,timeseries_line,"{""Timestamp"":""TIMESTAMP"",""Server"":""NVARCHAR"",""Avg. Paging Out [MB per s]"":""INTEGER"",""Avg. Paging In [MB per s]"":""INTEGER""}"
289,dual_timeseries_combination,"{""Timestamp"":""TIMESTAMP"",""User Memory [GB]"":""INTEGER"",""Sessions"":""INTEGER"",""Users"":""INTEGER""}"
289,dual_timeseries_combination,"{""Timestamp"":""TIMESTAMP"",""Avg. CPU %"":""INTEGER"",""Paging Out [MB per s]"":""INTEGER"",""Paging in [MB per s]"":""INTEGER""}"
192,timeseries_line,"{""Avg. Resp. Time [ms]"":""INTEGER"",""Avg. DB Time [ms]"":""INTEGER"",""Avg. CPU Time [ms]"":""INTEGER"",""Avg. Roll Wait Time [ms]"":""INTEGER"",""Avg. Wait Time [ms]"":""INTEGER"",""TIME"":""TIMESTAMP""}"
26,pie,"{""Task Type"":""NVARCHAR"",""Total Response Time [s]"":""INTEGER"",""DB Time [s]"":""INTEGER"",""CPU Time [s]"":""INTEGER"",""WP Time [s]"":""INTEGER"",""Wait Time [s]"":""INTEGER"",""Roll Wait Time [s]"":""INTEGER"",""Others [s]"":""DECIMAL""}"
15,stacked_column,"{""System"":""NVARCHAR"",""No of Transports"":""BIGINT""}"
6,pie,"{""No. of Transports"":""BIGINT"",""Transport Type"":""VARCHAR""}"
99,timeseries_bubble,"{""Time"":""TIMESTAMP"",""Function"":""VARCHAR"",""No of Objects"":""BIGINT"",""No of Transports"":""BIGINT""}"
7,pie,"{""Number of Dumps"":""INTEGER"",""Category"":""NVARCHAR""}"
350,timeseries_bubble,"{""Timestamp"":""TIMESTAMP"",""Number of Dumps"":""INTEGER"",""Category"":""NVARCHAR"",""No. of Affected Users"":""BIGINT""}"
7,pie,"{""Affected Area"":""VARCHAR"",""Downtime in min"":""INTEGER""}"
352,timeseries_bubble,"{""Time"":""TIMESTAMP"",""Affected Area"":""VARCHAR"",""Downtime in min"":""INTEGER""}"
283,stacked_column,"{""Type of Statement"":""VARCHAR"",""Month"":""INTEGER"",""Executions"":""DECIMAL"",""Records"":""DECIMAL""}"
24,stacked_column,"{""Type of Statement"":""VARCHAR"",""Month"":""INTEGER"",""Executions"":""DECIMAL"",""Records"":""DECIMAL""}"
1158,timeseries_line,"{""Used WPs"":""DECIMAL"",""ROOTTYPE_DISP"":""VARCHAR"",""Used WP"":""DECIMAL"",""TIME"":""TIMESTAMP""}"
1728,timeseries_line,"{""Server"":""NVARCHAR"",""Timestamp"":""TIMESTAMP"",""Waiting WPs"":""DECIMAL"",""DB Activity"":""DECIMAL"",""No. of CPUs"":""DECIMAL"",""Avg. No of WPs"":""DECIMAL""}"
15,stacked_column,"{""Application"":""NVARCHAR"",""Avg. Resp. Time [ms]"":""INTEGER"",""Avg. DB Time [ms]"":""INTEGER"",""Avg. GUI Time [ms]"":""INTEGER"",""Avg. CPU Time [ms]"":""INTEGER"",""Avg. Roll Wait Time [ms]"":""INTEGER"",""Avg. Wait Time [ms]"":""INTEGER"",""Others [ms]"":""INTEGER"",""Steps"":""BIGINT""}"
8,pie,"{""Request Type"":""NVARCHAR"",""Steps"":""BIGINT"",""Total Response Time [s]"":""INTEGER"",""DB Time [s]"":""INTEGER"",""CPU Time [s]"":""INTEGER"",""GUI Time [s]"":""INTEGER"",""WP Time [s]"":""INTEGER"",""Wait Time [s]"":""INTEGER"",""Roll Wait Time [s]"":""INTEGER"",""Others [s]"":""INTEGER""}"
677,timeseries_bubble,"{""Dump Category"":""NVARCHAR"",""No. of Dumps"":""INTEGER"",""No. of Affected Users"":""BIGINT"",""TIME"":""TIMESTAMP""}"
1,column,"{""System"":""NVARCHAR"",""No. of Dumps"":""INTEGER""}"
35,pie,"{""Category"":""NVARCHAR"",""Dump Type"":""NVARCHAR"",""Dumps"":""INTEGER""}"
137,timeseries_line,"{""Timestamp"":""TIMESTAMP"",""Category"":""NVARCHAR"",""Dumps"":""INTEGER""}"
16,pie,"{""Category"":""NVARCHAR"",""Dump Type"":""NVARCHAR"",""Dumps"":""INTEGER""}"
153,timeseries_bubble,"{""Function"":""VARCHAR"",""No of Objects"":""INTEGER"",""No of Transports"":""BIGINT"",""TIME"":""TIMESTAMP""}"
45,stacked_column,"{""No. of transports"":""BIGINT"",""System ID"":""NVARCHAR"",""Transport Type"":""VARCHAR""}"
7,donut,"{""No. of Transports"":""BIGINT"",""Transport Type"":""VARCHAR""}"
7,pie,"{""No. of Objects"":""INTEGER"",""Transport Type"":""VARCHAR""}"
7,pie,"{""No. of Objects"":""BIGINT"",""Component"":""NVARCHAR""}"
5,pie,"{""No. of Objects"":""BIGINT"",""Package"":""NVARCHAR""}"
6,pie,"{""No. of Objects"":""BIGINT"",""Object Type"":""NVARCHAR""}"
101,timeseries_bubble,"{""Time"":""TIMESTAMP"",""Function"":""VARCHAR"",""No of Objects"":""BIGINT"",""No of Transports"":""BIGINT""}"
8,pie,"{""Number of Dumps"":""INTEGER"",""Category"":""NVARCHAR""}"
680,timeseries_line,"{""Timestamp"":""TIMESTAMP"",""Number of Dumps"":""INTEGER"",""Category"":""NVARCHAR""}"
8,donut,"{""Tasktype"":""NVARCHAR"",""Steps"":""DECIMAL"",""Total Resp. Time"":""DECIMAL"",""DB Time"":""DECIMAL"",""GUI Time"":""DECIMAL"",""CPU Time"":""DECIMAL"",""Roll Wait Time"":""DECIMAL"",""Wait Time"":""DECIMAL"",""Others"":""DECIMAL"",""Time in WP"":""DECIMAL""}"
208,stacked_column,"{""Application"":""NVARCHAR"",""Steps"":""DECIMAL"",""Avg. Resp. Time"":""INTEGER"",""Avg. DB Time"":""INTEGER"",""Avg. GUI Time"":""INTEGER"",""Avg. CPU Time"":""INTEGER"",""Avg. Roll Wait Time"":""INTEGER"",""Avg. Wait Time"":""INTEGER"",""Others"":""INTEGER""}"
138,timeseries_bubble,"{""Tasktype"":""NVARCHAR"",""Total Resp. Time [s]"":""DECIMAL"",""Avg. Resp.Time [ms]"":""DECIMAL"",""TIME"":""TIMESTAMP""}"
176,timeseries_line,"{""Timestamp"":""TIMESTAMP"",""Tasktype"":""NVARCHAR"",""Total Resp. Time"":""DECIMAL""}"
8,pie,"{""Task Type"":""NVARCHAR"",""Total Resp. Time"":""DECIMAL"",""Avg. Resp. Time"":""DECIMAL"",""Total DB Time"":""DECIMAL"",""Steps"":""DECIMAL"",""Total GUI Time"":""DECIMAL"",""Total CPU Time"":""DECIMAL"",""Total Roll Wait Time "":""DECIMAL"",""Total Wait Time"":""DECIMAL"",""Others"":""DECIMAL""}"
138,timeseries_bubble,"{""Tasktype"":""NVARCHAR"",""Total Resp. Time [s]"":""DECIMAL"",""Avg. Resp.Time [ms]"":""DECIMAL"",""TIME"":""TIMESTAMP""}"
176,timeseries_line,"{""Timestamp"":""TIMESTAMP"",""Tasktype"":""NVARCHAR"",""Total Resp. Time"":""DECIMAL""}"
8,pie,"{""Task Type"":""NVARCHAR"",""Total Resp. Time"":""DECIMAL"",""Avg. Resp. Time"":""DECIMAL"",""Total DB Time"":""DECIMAL"",""Steps"":""DECIMAL"",""Total GUI Time"":""DECIMAL"",""Total CPU Time"":""DECIMAL"",""Total Roll Wait Time "":""DECIMAL"",""Total Wait Time"":""DECIMAL"",""Others"":""DECIMAL""}"
138,timeseries_bubble,"{""Tasktype"":""NVARCHAR"",""Total Resp. Time [s]"":""DECIMAL"",""Avg. Resp.Time [ms]"":""DECIMAL"",""TIME"":""TIMESTAMP""}"
176,timeseries_line,"{""Timestamp"":""TIMESTAMP"",""Tasktype"":""NVARCHAR"",""Total Resp. Time"":""DECIMAL""}"
8,pie,"{""Task Type"":""NVARCHAR"",""Total Resp. Time"":""DECIMAL"",""Avg. Resp. Time"":""DECIMAL"",""Total DB Time"":""DECIMAL"",""Steps"":""DECIMAL"",""Total GUI Time"":""DECIMAL"",""Total CPU Time"":""DECIMAL"",""Total Roll Wait Time "":""DECIMAL"",""Total Wait Time"":""DECIMAL"",""Others"":""DECIMAL""}"
138,timeseries_bubble,"{""Tasktype"":""NVARCHAR"",""Total Resp. Time [s]"":""DECIMAL"",""Avg. Resp.Time [ms]"":""DECIMAL"",""TIME"":""TIMESTAMP""}"
176,timeseries_line,"{""Timestamp"":""TIMESTAMP"",""Tasktype"":""NVARCHAR"",""Total Resp. Time"":""DECIMAL""}"
8,pie,"{""Task Type"":""NVARCHAR"",""Total Resp. Time"":""DECIMAL"",""Avg. Resp. Time"":""DECIMAL"",""Total DB Time"":""DECIMAL"",""Steps"":""DECIMAL"",""Total GUI Time"":""DECIMAL"",""Total CPU Time"":""DECIMAL"",""Total Roll Wait Time "":""DECIMAL"",""Total Wait Time"":""DECIMAL"",""Others"":""DECIMAL""}"
138,timeseries_bubble,"{""Tasktype"":""NVARCHAR"",""Total Resp. Time [s]"":""DECIMAL"",""Avg. Resp.Time [ms]"":""DECIMAL"",""TIME"":""TIMESTAMP""}"
176,timeseries_line,"{""Timestamp"":""TIMESTAMP"",""Tasktype"":""NVARCHAR"",""Total Resp. Time"":""DECIMAL""}"
8,pie,"{""Task Type"":""NVARCHAR"",""Total Resp. Time"":""DECIMAL"",""Avg. Resp. Time"":""DECIMAL"",""Total DB Time"":""DECIMAL"",""Steps"":""DECIMAL"",""Total GUI Time"":""DECIMAL"",""Total CPU Time"":""DECIMAL"",""Total Roll Wait Time "":""DECIMAL"",""Total Wait Time"":""DECIMAL"",""Others"":""DECIMAL""}"
138,timeseries_bubble,"{""Tasktype"":""NVARCHAR"",""Total Resp. Time [s]"":""DECIMAL"",""Avg. Resp.Time [ms]"":""DECIMAL"",""TIME"":""TIMESTAMP""}"
176,timeseries_line,"{""Timestamp"":""TIMESTAMP"",""Tasktype"":""NVARCHAR"",""Total Resp. Time"":""DECIMAL""}"
8,pie,"{""Task Type"":""NVARCHAR"",""Total Resp. Time"":""DECIMAL"",""Avg. Resp. Time"":""DECIMAL"",""Total DB Time"":""DECIMAL"",""Steps"":""DECIMAL"",""Total GUI Time"":""DECIMAL"",""Total CPU Time"":""DECIMAL"",""Total Roll Wait Time "":""DECIMAL"",""Total Wait Time"":""DECIMAL"",""Others"":""DECIMAL""}"
138,timeseries_bubble,"{""Tasktype"":""NVARCHAR"",""Total Resp. Time [s]"":""DECIMAL"",""Avg. Resp.Time [ms]"":""DECIMAL"",""TIME"":""TIMESTAMP""}"
176,timeseries_line,"{""Timestamp"":""TIMESTAMP"",""Tasktype"":""NVARCHAR"",""Total Resp. Time"":""DECIMAL""}"
8,pie,"{""Task Type"":""NVARCHAR"",""Total Resp. Time"":""DECIMAL"",""Avg. Resp. Time"":""DECIMAL"",""Total DB Time"":""DECIMAL"",""Steps"":""DECIMAL"",""Total GUI Time"":""DECIMAL"",""Total CPU Time"":""DECIMAL"",""Total Roll Wait Time "":""DECIMAL"",""Total Wait Time"":""DECIMAL"",""Others"":""DECIMAL""}"
378,timeseries_line,"{""CATEGORY"":""VARCHAR"",""TIMESTAMP"":""TIMESTAMP"",""RUNTIME"":""DECIMAL""}"
132,timeseries_line,"{""CATEGORY"":""VARCHAR"",""TIMESTAMP"":""TIMESTAMP"",""RUNTIME"":""DECIMAL""}"
400,timeseries_line,"{""CATEGORY"":""VARCHAR"",""TIMESTAMP"":""TIMESTAMP"",""RUNTIME"":""DECIMAL""}"
5000,timeseries_line,"{""TIMESTAMP"":""TIMESTAMP"",""USED_OBJECT"":""VARCHAR"",""SOLUTION"":""VARCHAR"",""RT_STATEMENT"":""DECIMAL"",""TIME"":""TIMESTAMP""}"
5000,timeseries_line,"{""TIMESTAMP"":""TIMESTAMP"",""USED_OBJECT"":""VARCHAR"",""RT_STATEMENT"":""DECIMAL""}"
3912,timeseries_line,"{""TIMESTAMP"":""TIMESTAMP"",""USED_OBJECT"":""VARCHAR"",""RT_STATEMENT"":""DECIMAL""}"
351,timeseries_line,"{""TIMESTAMP"":""TIMESTAMP"",""USED_OBJECT"":""VARCHAR"",""RT_STATEMENT"":""DECIMAL""}"
3614,timeseries_line,"{""TIMESTAMP"":""TIMESTAMP"",""USED_OBJECT"":""VARCHAR"",""RT_STATEMENT"":""DECIMAL""}"
4485,timeseries_line,"{""TIMESTAMP"":""TIMESTAMP"",""USED_OBJECT"":""VARCHAR"",""RT_STATEMENT"":""DECIMAL""}"
3687,timeseries_line,"{""TIMESTAMP"":""TIMESTAMP"",""USED_OBJECT"":""VARCHAR"",""RT_STATEMENT"":""DECIMAL""}"
3213,timeseries_line,"{""TIMESTAMP"":""TIMESTAMP"",""USED_OBJECT"":""VARCHAR"",""RT_STATEMENT"":""DECIMAL""}"
1964,timeseries_line,"{""TIMESTAMP"":""TIMESTAMP"",""USED_OBJECT"":""VARCHAR"",""RT_STATEMENT"":""DECIMAL""}"
4196,timeseries_line,"{""TIMESTAMP"":""TIMESTAMP"",""USED_OBJECT"":""VARCHAR"",""RT_STATEMENT"":""DECIMAL""}"
994,timeseries_line,"{""TIMESTAMP"":""TIMESTAMP"",""USED_OBJECT"":""VARCHAR"",""RT_STATEMENT"":""DECIMAL""}"
585,timeseries_line,"{""TIMESTAMP"":""TIMESTAMP"",""USED_OBJECT"":""VARCHAR"",""RT_STATEMENT"":""DECIMAL""}"
818,timeseries_line,"{""TIMESTAMP"":""TIMESTAMP"",""USED_OBJECT"":""VARCHAR"",""RT_STATEMENT"":""DECIMAL""}"
5000,timeseries_line,"{""TIMESTAMP"":""TIMESTAMP"",""USED_OBJECT"":""VARCHAR"",""SOLUTION"":""VARCHAR"",""RT_STATEMENT"":""DECIMAL"",""TIME"":""TIMESTAMP""}"
5000,timeseries_line,"{""TIMESTAMP"":""TIMESTAMP"",""USED_OBJECT"":""VARCHAR"",""RT_STATEMENT"":""DECIMAL""}"
3912,timeseries_line,"{""TIMESTAMP"":""TIMESTAMP"",""USED_OBJECT"":""VARCHAR"",""RT_STATEMENT"":""DECIMAL""}"
351,timeseries_line,"{""TIMESTAMP"":""TIMESTAMP"",""USED_OBJECT"":""VARCHAR"",""RT_STATEMENT"":""DECIMAL""}"
3614,timeseries_line,"{""TIMESTAMP"":""TIMESTAMP"",""USED_OBJECT"":""VARCHAR"",""RT_STATEMENT"":""DECIMAL""}"
4485,timeseries_line,"{""TIMESTAMP"":""TIMESTAMP"",""USED_OBJECT"":""VARCHAR"",""RT_STATEMENT"":""DECIMAL""}"
3687,timeseries_line,"{""TIMESTAMP"":""TIMESTAMP"",""USED_OBJECT"":""VARCHAR"",""RT_STATEMENT"":""DECIMAL""}"
3213,timeseries_line,"{""TIMESTAMP"":""TIMESTAMP"",""USED_OBJECT"":""VARCHAR"",""RT_STATEMENT"":""DECIMAL""}"
1964,timeseries_line,"{""TIMESTAMP"":""TIMESTAMP"",""USED_OBJECT"":""VARCHAR"",""RT_STATEMENT"":""DECIMAL""}"
4196,timeseries_line,"{""TIMESTAMP"":""TIMESTAMP"",""USED_OBJECT"":""VARCHAR"",""RT_STATEMENT"":""DECIMAL""}"
994,timeseries_line,"{""TIMESTAMP"":""TIMESTAMP"",""USED_OBJECT"":""VARCHAR"",""RT_STATEMENT"":""DECIMAL""}"
585,timeseries_line,"{""TIMESTAMP"":""TIMESTAMP"",""USED_OBJECT"":""VARCHAR"",""RT_STATEMENT"":""DECIMAL""}"
818,timeseries_line,"{""TIMESTAMP"":""TIMESTAMP"",""USED_OBJECT"":""VARCHAR"",""RT_STATEMENT"":""DECIMAL""}"
29,timeseries_line,"{""Max. Blocked Transactions"":""DECIMAL"",""Avg. Blocked Transactions"":""DECIMAL"",""TIME"":""TIMESTAMP""}"
401,timeseries_line,"{""Timestamp"":""TIMESTAMP"",""Avg. CPU"":""DECIMAL"",""Max. CPU"":""DECIMAL"",""Host"":""NVARCHAR"",""Avg. Blocked Transactions"":""DECIMAL"",""Max. Blocked Transactions"":""DECIMAL""}"
401,timeseries_line,"{""Timestamp"":""TIMESTAMP"",""Avg. Blocked Transactions"":""DECIMAL"",""Max. Blocked Transactions"":""DECIMAL""}"
4934,timeseries_line,"{""State"":""NVARCHAR"",""Timestamps"":""BIGINT"",""Timestamp"":""TIMESTAMP"",""Threads"":""INTEGER"",""Average Threads"":""DECIMAL""}"
193,timeseries_line,"{""SYSID"":""NVARCHAR"",""Avg. CPU"":""DECIMAL"",""Max. CPU"":""DECIMAL"",""Host"":""NVARCHAR"",""TIME"":""TIMESTAMP""}"
289,timeseries_line,"{""SYSID"":""NVARCHAR"",""Timestamp"":""TIMESTAMP"",""Avg. CPU"":""DECIMAL"",""Max. CPU"":""DECIMAL"",""Host"":""NVARCHAR""}"
2935,timeseries_line,"{""State"":""NVARCHAR"",""Timestamps"":""BIGINT"",""Timestamp"":""TIMESTAMP"",""Threads"":""INTEGER"",""Average Threads"":""DECIMAL""}"
289,timeseries_line,"{""SYSID"":""NVARCHAR"",""Host"":""NVARCHAR"",""Timestamp"":""TIMESTAMP"",""Avg. Statements per s"":""DECIMAL""}"
289,timeseries_line,"{""SYSID"":""NVARCHAR"",""Host"":""NVARCHAR"",""Timestamp"":""TIMESTAMP"",""Column Store Reads"":""DECIMAL""}"
289,timeseries_line,"{""SYSID"":""NVARCHAR"",""Host"":""NVARCHAR"",""Timestamp"":""TIMESTAMP"",""Column Store Writes"":""DECIMAL""}"
289,timeseries_line,"{""SYSID"":""NVARCHAR"",""Host"":""NVARCHAR"",""Timestamp"":""TIMESTAMP"",""Avg. Blocked Transactions"":""DECIMAL"",""Max. Blocked Transactions"":""DECIMAL""}"
289,timeseries_line,"{""SYSID"":""NVARCHAR"",""Host"":""NVARCHAR"",""Timestamp"":""TIMESTAMP"",""Memory Used"":""DECIMAL"",""Unloads"":""DECIMAL""}"
289,timeseries_line,"{""SYSID"":""NVARCHAR"",""Host"":""NVARCHAR"",""Timestamp"":""TIMESTAMP"",""Memory Used"":""DECIMAL"",""Unloads"":""DECIMAL""}"
289,dual_timeseries_combination,"{""Timestamp"":""TIMESTAMP"",""Commit ID Range"":""DECIMAL"",""MVCC Versions"":""DECIMAL""}"
289,timeseries_line,"{""SYSID"":""NVARCHAR"",""Host"":""NVARCHAR"",""Timestamp"":""TIMESTAMP"",""Network in [Bytes per s]"":""DECIMAL"",""Network Out [Bytes per s]"":""DECIMAL""}"
289,timeseries_line,"{""SYSID"":""NVARCHAR"",""Host"":""NVARCHAR"",""Timestamp"":""TIMESTAMP"",""Max.Ping Time"":""DECIMAL"",""Avg. Ping Time"":""DECIMAL""}"
193,timeseries_line,"{""HOST"":""NVARCHAR"",""Allocation Limit [GB]"":""DECIMAL"",""Memory Used [GB]"":""DECIMAL"",""TIME"":""TIMESTAMP""}"
301,timeseries_line,"{""HOST"":""NVARCHAR"",""Timestamp"":""TIMESTAMP"",""Allocation Limit [GB]"":""DECIMAL"",""Memory Used [GB]"":""DECIMAL""}"
302,timeseries_line,"{""Timestamp"":""TIMESTAMP"",""Memory Used [GB]"":""DOUBLE"",""FORECAST_VALUE"":""DOUBLE"",""OUTLIER_VALUE"":""DOUBLE""}"
67,timeseries_line,"{""Timestamp"":""TIMESTAMP"",""COMPONENT"":""NVARCHAR"",""Memory [GB]"":""DECIMAL""}"
8,pie,"{""SCHEMA_NAME"":""NVARCHAR"",""Memory Size [GB]"":""DECIMAL""}"
721,timeseries_line,"{""COMPONENT"":""NVARCHAR"",""Timestamp"":""TIMESTAMP"",""Avg Memory used [MB]"":""DECIMAL""}"
721,timeseries_line,"{""COMPONENT"":""NVARCHAR"",""Timestamp"":""TIMESTAMP"",""Avg Memory used [MB]"":""DECIMAL""}"
721,timeseries_line,"{""COMPONENT"":""NVARCHAR"",""Timestamp"":""TIMESTAMP"",""Avg Memory used [MB]"":""DECIMAL""}"
193,timeseries_line,"{""Avg. CPU"":""DECIMAL"",""Max. CPU"":""DECIMAL"",""Host"":""NVARCHAR"",""TIME"":""TIMESTAMP""}"
289,timeseries_line,"{""Timestamp"":""TIMESTAMP"",""Avg. CPU"":""DECIMAL"",""Max. CPU"":""DECIMAL"",""Host"":""NVARCHAR""}"
3391,timeseries_line,"{""State"":""NVARCHAR"",""Timestamps"":""BIGINT"",""Timestamp"":""TIMESTAMP"",""Threads"":""INTEGER"",""Average Threads"":""DECIMAL""}"
289,timeseries_line,"{""Timestamp"":""TIMESTAMP"",""Avg. Blocked Transactions"":""DECIMAL"",""Max. Blocked Transactions"":""DECIMAL""}"
21,pie,"{""State"":""NVARCHAR"",""Active Threads"":""INTEGER""}"
64,pie,"{""DB User"":""NVARCHAR"",""Active Threads"":""INTEGER""}"
5000,pie,"{""Application User"":""NVARCHAR"",""Active Threads"":""INTEGER""}"
19,pie,"{""Application Name"":""NVARCHAR"",""Active Threads"":""INTEGER""}"
5000,pie,"{""Application Source"":""NVARCHAR"",""Active Threads"":""INTEGER""}"
13,pie,"{""Lock Wait Component"":""NVARCHAR"",""Active Threads"":""INTEGER""}"
138,pie,"{""Lock Wait Name"":""NVARCHAR"",""Active Threads"":""INTEGER""}"
54,pie,"{""Thread Type"":""NVARCHAR"",""Active Threads"":""INTEGER""}"
274,pie,"{""Thread Method"":""NVARCHAR"",""Active Threads"":""DECIMAL""}"
5000,pie,"{""Statement Hash"":""NVARCHAR"",""Active Threads"":""INTEGER""}"
288,timeseries_line,"{""Timestamp"":""TIMESTAMP"",""Avg. Threads"":""DECIMAL""}"
337,timeseries_line,"{""Avg. CPU"":""DECIMAL"",""Max. CPU"":""DECIMAL"",""Host"":""NVARCHAR"",""TIME"":""TIMESTAMP""}"
460,timeseries_line,"{""Timestamp"":""TIMESTAMP"",""Avg. CPU"":""DECIMAL"",""Max. CPU"":""DECIMAL"",""Host"":""NVARCHAR""}"
293,timeseries_line,"{""State"":""NVARCHAR"",""Timestamps"":""BIGINT"",""Timestamp"":""TIMESTAMP"",""Threads"":""INTEGER"",""Average Threads"":""DECIMAL""}"
192,timeseries_line,"{""Timestamp"":""TIMESTAMP"",""Avg. Blocked Transactions"":""DECIMAL"",""Max. Blocked Transactions"":""DECIMAL""}"
2,pie,"{""State"":""NVARCHAR"",""Active Threads"":""INTEGER""}"
2,pie,"{""Application User"":""NVARCHAR"",""Active Threads"":""INTEGER""}"
7,pie,"{""DB User"":""NVARCHAR"",""Active Threads"":""INTEGER""}"
8,pie,"{""Application Source"":""NVARCHAR"",""Active Threads"":""INTEGER""}"
4,pie,"{""Application Name"":""NVARCHAR"",""Active Threads"":""INTEGER""}"
7,pie,"{""Lock Wait Component"":""NVARCHAR"",""Active Threads"":""INTEGER""}"
8,pie,"{""Lock Wait Name"":""NVARCHAR"",""Active Threads"":""INTEGER""}"
2,pie,"{""Thread Method"":""NVARCHAR"",""Active Threads"":""DECIMAL""}"
3,pie,"{""Thread Type"":""NVARCHAR"",""Active Threads"":""INTEGER""}"
3,pie,"{""Statement Hash"":""NVARCHAR"",""Active Threads"":""INTEGER""}"
365,timeseries_line,"{""Timestamp"":""TIMESTAMP"",""Avg. Threads"":""DECIMAL"",""Max. Threads"":""INTEGER""}"
337,timeseries_line,"{""Avg. CPU"":""DECIMAL"",""Max. CPU"":""DECIMAL"",""Host"":""NVARCHAR"",""TIME"":""TIMESTAMP""}"
301,timeseries_line,"{""Timestamp"":""TIMESTAMP"",""Avg. CPU"":""DECIMAL"",""Max. CPU"":""DECIMAL"",""Host"":""NVARCHAR""}"
3835,timeseries_line,"{""State"":""NVARCHAR"",""Timestamps"":""BIGINT"",""Timestamp"":""TIMESTAMP"",""Threads"":""INTEGER"",""Average Threads"":""DECIMAL""}"
301,timeseries_line,"{""Timestamp"":""TIMESTAMP"",""Avg. Blocked Transactions"":""DECIMAL"",""Max. Blocked Transactions"":""DECIMAL""}"
21,pie,"{""State"":""NVARCHAR"",""Active Threads"":""INTEGER""}"
5000,pie,"{""Application User"":""NVARCHAR"",""Active Threads"":""INTEGER""}"
188,pie,"{""DB User"":""NVARCHAR"",""Active Threads"":""INTEGER""}"
5000,pie,"{""Application Source"":""NVARCHAR"",""Active Threads"":""INTEGER""}"
21,pie,"{""Application Name"":""NVARCHAR"",""Active Threads"":""INTEGER""}"
15,pie,"{""Lock Wait Component"":""NVARCHAR"",""Active Threads"":""INTEGER""}"
193,pie,"{""Lock Wait Name"":""NVARCHAR"",""Active Threads"":""INTEGER""}"
500,pie,"{""Thread Method"":""NVARCHAR"",""Active Threads"":""DECIMAL""}"
64,pie,"{""Thread Type"":""NVARCHAR"",""Active Threads"":""INTEGER""}"
6,pie,"{""Statement Hash"":""NVARCHAR"",""Active Threads"":""INTEGER""}"
364,timeseries_line,"{""Timestamp"":""TIMESTAMP"",""Avg. Threads"":""DECIMAL"",""Max. Threads"":""INTEGER""}"
31,column,"{""SYSID"":""NVARCHAR"",""DESCRIPTION"":""NVARCHAR"",""ESTIMATED_MAX_MEMORY_SIZE_GB"":""INTEGER"",""KPI_TIME"":""DATE"",""DISK_SIZE_GB"":""INTEGER""}"
30,column,"{""SYSID"":""NVARCHAR"",""DESCRIPTION"":""NVARCHAR"",""ESTIMATED_MAX_MEMORY_SIZE_GB"":""INTEGER"",""DISK_SIZE_GB"":""INTEGER"",""KPI_TIME"":""DATE""}"
31,column,"{""SYSID"":""NVARCHAR"",""DESCRIPTION"":""NVARCHAR"",""ESTIMATED_MAX_MEMORY_SIZE_GB"":""INTEGER"",""DISK_SIZE_GB"":""INTEGER"",""KPI_TIME"":""DATE""}"
31,column,"{""SYSID"":""NVARCHAR"",""DESCRIPTION"":""NVARCHAR"",""ESTIMATED_MAX_MEMORY_SIZE_GB"":""INTEGER"",""DISK_SIZE_GB"":""INTEGER"",""KPI_TIME"":""DATE""}"
34,column,"{""SYSID"":""NVARCHAR"",""DESCRIPTION"":""NVARCHAR"",""ESTIMATED_MAX_MEMORY_SIZE_GB"":""INTEGER"",""KPI_TIME"":""VARCHAR"",""DISK_SIZE_GB"":""INTEGER""}"
96,timeseries_line,"{""Est. Memory Size GB"":""DECIMAL"",""Memory Size GB"":""DECIMAL"",""Disk Size GB"":""DECIMAL"",""TIME"":""TIMESTAMP""}"
67,dual_timeseries_combination,"{""avg Est. Memory Size GB"":""DECIMAL"",""avg Memory Size GB"":""DECIMAL"",""avg Disk Size GB"":""DECIMAL"",""avg # Records"":""DECIMAL"",""TIME"":""TIMESTAMP""}"
706,timeseries_line,"{""Timestamp"":""TIMESTAMP"",""Record Count"":""DOUBLE"",""Record Count - FORECAST VALUE"":""DOUBLE"",""Record Count - OUTLIER VALUE"":""DOUBLE""}"
31,column,"{""SYSID"":""NVARCHAR"",""DESCRIPTION"":""NVARCHAR"",""ESTIMATED_MAX_MEMORY_SIZE_GB"":""INTEGER"",""DISK_SIZE_GB"":""INTEGER"",""KPI_TIME"":""DATE""}"
31,column,"{""SYSID"":""NVARCHAR"",""DESCRIPTION"":""NVARCHAR"",""ESTIMATED_MAX_MEMORY_SIZE_GB"":""INTEGER"",""DISK_SIZE_GB"":""INTEGER"",""KPI_TIME"":""DATE""}"
1,heatmap,"{""System"":""NVARCHAR"",""Host Name"":""VARCHAR"",""System Type"":""VARCHAR"",""Version"":""VARCHAR"",""Uptime"":""VARCHAR"",""Amount"":""INTEGER""}"
121,timeseries_stacked_column,"{""CONNECT_HOST"":""VARCHAR"",""CONNECT_PORT"":""INTEGER"",""Time"":""SECONDDATE"",""Used [GB]"":""DECIMAL"",""Free [GB]"":""DECIMAL""}"
3,pie,"{""SYSID"":""VARCHAR"",""Database"":""NVARCHAR"",""CONNECT_ID"":""VARCHAR"",""Severity"":""VARCHAR"",""Alert count"":""BIGINT""}"
251,timeseries_stacked_column,"{""Host"":""VARCHAR"",""Database"":""NVARCHAR"",""Time"":""TIMESTAMP"",""Used [GB]"":""DECIMAL"",""Free [GB]"":""DECIMAL""}"
10,donut,"{""Application Sources"":""NVARCHAR"",""CPU"":""DECIMAL""}"
51,dual_timeseries_combination,"{""CONNECT_HOST"":""VARCHAR"",""CONNECT_PORT"":""INTEGER"",""Time"":""TIMESTAMP"",""Avg CPU %"":""DECIMAL"",""Max CPU %"":""BIGINT"",""Statements per s"":""DECIMAL""}"
364,timeseries_stacked_column,"{""Time"":""TIMESTAMP"",""Application Sources"":""NVARCHAR"",""Running Threads per s"":""DECIMAL""}"
56,timeseries_line,"{""Time"":""SECONDDATE"",""In"":""DECIMAL"",""Out"":""DECIMAL""}"
76,timeseries_stacked_column,"{""ID"":""BIGINT"",""TIME"":""SECONDDATE""}"
208,timeseries_line,"{""Time"":""SECONDDATE"",""HOST"":""VARCHAR"",""Allocation Limit (GB)"":""DECIMAL"",""Memory Used (GB)"":""DECIMAL""}"
1664,timeseries_line,"{""Time"":""SECONDDATE"",""COMPONENT"":""VARCHAR"",""Memory (GB)"":""DECIMAL""}"
5,pie,"{""SCHEMA_NAME"":""VARCHAR"",""MEMORY (GB)"":""DECIMAL""}"
21,timeseries_column,"{""Count"":""BIGINT"",""TIME"":""TIMESTAMP""}"
3,pie,"{""connectID"":""VARCHAR"",""SID"":""VARCHAR"",""Database"":""NVARCHAR"",""Severity"":""VARCHAR"",""Alert Count"":""BIGINT""}"
111,timeseries_stacked_column,"{""ID"":""BIGINT"",""TIME"":""TIMESTAMP""}"
293,timeseries_line,"{""Timestamp"":""TIMESTAMP"",""Avg. CPU"":""DECIMAL"",""Max. CPU"":""BIGINT"",""Host"":""VARCHAR""}"
293,timeseries_line,"{""State"":""VARCHAR"",""Timestamps"":""BIGINT"",""Timestamp"":""TIMESTAMP"",""Threads"":""BIGINT"",""Average Threads"":""DECIMAL""}"
293,timeseries_line,"{""Timestamp"":""TIMESTAMP"",""Avg. Blocked Transactions"":""DECIMAL"",""Max. Blocked Transactions"":""BIGINT""}"
1,pie,"{""State"":""VARCHAR"",""Active Threads"":""BIGINT""}"
5,pie,"{""DBUser"":""NVARCHAR"",""Active Threads"":""BIGINT""}"
5,pie,"{""ApplicationUser"":""NVARCHAR"",""Active Threads"":""BIGINT""}"
3,pie,"{""ApplicationName"":""NVARCHAR"",""Active Threads"":""BIGINT""}"
53,pie,"{""ApplicationSource"":""NVARCHAR"",""Active Threads"":""BIGINT""}"
1,pie,"{""Lock Wait Component"":""VARCHAR"",""Active Threads"":""BIGINT""}"
1,pie,"{""Lock Wait Name"":""VARCHAR"",""Active Threads"":""BIGINT""}"
17,pie,"{""ThreadType"":""VARCHAR"",""Active Threads"":""BIGINT""}"
26,pie,"{""ThreadMethod"":""VARCHAR"",""Active Threads"":""BIGINT""}"
200,pie,"{""StatementHash"":""VARCHAR"",""Active Threads"":""BIGINT""}"
200,timeseries_line,"{""Timestamp"":""TIMESTAMP"",""Avg. Threads"":""DOUBLE""}"
1,bar,"{""System Type"":""VARCHAR"",""Amount"":""BIGINT""}"
1,bar,"{""Version"":""VARCHAR"",""Amount"":""BIGINT""}"
1,bar,"{""System Type"":""VARCHAR"",""Amount"":""BIGINT""}"
1,bar,"{""Version"":""VARCHAR"",""Amount"":""BIGINT""}"
121,timeseries_column,"{""no"":""BIGINT"",""TIME"":""TIMESTAMP""}"
2,column,"{""Number of Event"":""BIGINT"",""Host Name 1"":""NVARCHAR""}"
10,column,"{""host"":""NVARCHAR"",""no"":""BIGINT""}"
6,heatmap,"{""Number of Event"":""BIGINT"",""Host Name"":""NVARCHAR""}"
2162,heatmap,"{""host"":""NVARCHAR"",""Time"":""TIMESTAMP"",""OS FREE PHYSICAL MEM"":""DECIMAL"",""OS TOTAL MEM"":""DECIMAL""}"
365,timeseries_bubble,"{""host"":""NVARCHAR"",""Time"":""TIMESTAMP"",""FS AVAIL SPACE"":""DECIMAL"",""FS SIZE"":""DECIMAL""}"
5000,column,"{""host"":""NVARCHAR"",""Time"":""TIMESTAMP"",""FS AVAIL SPACE"":""DECIMAL"",""FS SIZE"":""DECIMAL""}"
5000,column,"{""host"":""NVARCHAR"",""Time"":""TIMESTAMP"",""OS FREE PHYSICAL MEM"":""DECIMAL"",""OS TOTAL MEM"":""DECIMAL""}"
5000,column,"{""host"":""NVARCHAR"",""Time"":""TIMESTAMP"",""OS FREE PHYSICAL MEM"":""DECIMAL"",""OS TOTAL MEM"":""DECIMAL""}"
121,timeseries_line,"{""no"":""BIGINT"",""TIME"":""TIMESTAMP""}"
42,column,"{""COMPUTER_HOSTNAME"":""NVARCHAR"",""Time"":""TIMESTAMP"",""in"":""DECIMAL"",""out"":""DECIMAL""}"
42,column,"{""COMPUTER_HOSTNAME"":""NVARCHAR"",""Time"":""TIMESTAMP"",""in"":""DECIMAL"",""out"":""DECIMAL""}"
365,timeseries_line,"{""COMPUTER_HOSTNAME"":""NVARCHAR"",""Time"":""TIMESTAMP"",""no"":""BIGINT"",""no1"":""BIGINT""}"
10,heatmap,"{""COMPUTER_HOSTNAME"":""NVARCHAR"",""no"":""BIGINT""}"
365,heatmap,"{""COMPUTER_HOSTNAME"":""NVARCHAR"",""no"":""BIGINT"",""Time"":""TIMESTAMP""}"
7,pie,"{""Host"":""NVARCHAR"",""no"":""BIGINT""}"
121,timeseries_column,"{""no"":""BIGINT"",""TIME"":""SECONDDATE""}"
1441,timeseries_line,"{""Time"":""SECONDDATE"",""COMPUTER_HOSTNAME"":""NVARCHAR"",""no"":""BIGINT""}"
1,100_stacked_bar,"{""HOST"":""VARCHAR"",""USED"":""DECIMAL"",""FREE"":""DECIMAL"",""TOTAL"":""DECIMAL""}"
1,stacked_bar,"{""HOST"":""VARCHAR"",""USED"":""DECIMAL"",""FREE"":""DECIMAL"",""TOTAL"":""DECIMAL""}"
1,stacked_bar,"{""HOST"":""VARCHAR"",""HANA USED"":""DECIMAL"",""DT USED"":""DECIMAL"",""DISK FREE"":""DECIMAL"",""DISK USED"":""DECIMAL"",""DISK TOTAL"":""DECIMAL""}"
9,100_stacked_bar,"{""SCHEMA"":""NVARCHAR"",""MEMORY"":""DECIMAL""}"
120,timeseries_column,"{""ID"":""BIGINT"",""TIME"":""SECONDDATE""}"
5,bar,"{""Instance"":""NVARCHAR"",""CPU (%)"":""DECIMAL""}"
5,bar,"{""Instance"":""NVARCHAR"",""Memory (%)"":""DECIMAL""}"
5,bar,"{""Instance"":""NVARCHAR"",""Storage (%)"":""DECIMAL""}"
5,stacked_bar,"{""Instance"":""NVARCHAR"",""In"":""DECIMAL"",""Out (Packets)"":""DECIMAL""}"
8,timeseries_column,"{""no"":""BIGINT"",""TIME"":""TIMESTAMP""}"
88,timeseries_column,"{""no"":""BIGINT"",""TIME"":""TIMESTAMP""}"
121,timeseries_column,"{""HOSTNAME"":""NVARCHAR"",""no"":""BIGINT"",""TIME"":""TIMESTAMP""}"
121,timeseries_stacked_column,"{""CONNECT_HOST"":""VARCHAR"",""CONNECT_PORT"":""INTEGER"",""Time"":""SECONDDATE"",""Used [GB]"":""DECIMAL"",""Free [GB]"":""DECIMAL""}"
3,pie,"{""SYSID"":""VARCHAR"",""Database"":""NVARCHAR"",""CONNECT_ID"":""VARCHAR"",""Severity"":""VARCHAR"",""Alert count"":""BIGINT""}"
251,timeseries_stacked_column,"{""Host"":""VARCHAR"",""Database"":""NVARCHAR"",""Time"":""TIMESTAMP"",""Used [GB]"":""DECIMAL"",""Free [GB]"":""DECIMAL""}"
10,donut,"{""Application Sources"":""NVARCHAR"",""CPU"":""DECIMAL""}"
51,dual_timeseries_combination,"{""CONNECT_HOST"":""VARCHAR"",""CONNECT_PORT"":""INTEGER"",""Time"":""TIMESTAMP"",""Avg CPU %"":""DECIMAL"",""Max CPU %"":""BIGINT"",""Statements per s"":""DECIMAL""}"
364,timeseries_stacked_column,"{""Time"":""TIMESTAMP"",""Application Sources"":""NVARCHAR"",""Running Threads per s"":""DECIMAL""}"
56,timeseries_line,"{""Time"":""SECONDDATE"",""In"":""DECIMAL"",""Out"":""DECIMAL""}"
76,timeseries_stacked_column,"{""ID"":""BIGINT"",""TIME"":""SECONDDATE""}"
208,timeseries_line,"{""Time"":""SECONDDATE"",""HOST"":""VARCHAR"",""Allocation Limit (GB)"":""DECIMAL"",""Memory Used (GB)"":""DECIMAL""}"
1664,timeseries_line,"{""Time"":""SECONDDATE"",""COMPONENT"":""VARCHAR"",""Memory (GB)"":""DECIMAL""}"
5,pie,"{""SCHEMA_NAME"":""VARCHAR"",""MEMORY (GB)"":""DECIMAL""}"
21,timeseries_column,"{""Count"":""BIGINT"",""TIME"":""TIMESTAMP""}"
3,pie,"{""connectID"":""VARCHAR"",""SID"":""VARCHAR"",""Database"":""NVARCHAR"",""Severity"":""VARCHAR"",""Alert Count"":""BIGINT""}"
111,timeseries_stacked_column,"{""ID"":""BIGINT"",""TIME"":""TIMESTAMP""}"
293,timeseries_line,"{""Timestamp"":""TIMESTAMP"",""Avg. CPU"":""DECIMAL"",""Max. CPU"":""BIGINT"",""Host"":""VARCHAR""}"
293,timeseries_line,"{""State"":""VARCHAR"",""Timestamps"":""BIGINT"",""Timestamp"":""TIMESTAMP"",""Threads"":""BIGINT"",""Average Threads"":""DECIMAL""}"
293,timeseries_line,"{""Timestamp"":""TIMESTAMP"",""Avg. Blocked Transactions"":""DECIMAL"",""Max. Blocked Transactions"":""BIGINT""}"
1,pie,"{""State"":""VARCHAR"",""Active Threads"":""BIGINT""}"
5,pie,"{""DBUser"":""NVARCHAR"",""Active Threads"":""BIGINT""}"
5,pie,"{""ApplicationUser"":""NVARCHAR"",""Active Threads"":""BIGINT""}"
3,pie,"{""ApplicationName"":""NVARCHAR"",""Active Threads"":""BIGINT""}"
53,pie,"{""ApplicationSource"":""NVARCHAR"",""Active Threads"":""BIGINT""}"
1,pie,"{""Lock Wait Component"":""VARCHAR"",""Active Threads"":""BIGINT""}"
1,pie,"{""Lock Wait Name"":""VARCHAR"",""Active Threads"":""BIGINT""}"
17,pie,"{""ThreadType"":""VARCHAR"",""Active Threads"":""BIGINT""}"
26,pie,"{""ThreadMethod"":""VARCHAR"",""Active Threads"":""BIGINT""}"
200,pie,"{""StatementHash"":""VARCHAR"",""Active Threads"":""BIGINT""}"
200,timeseries_line,"{""Timestamp"":""TIMESTAMP"",""Avg. Threads"":""DOUBLE""}"
126,timeseries_stacked_column,"{""CONNECT_HOST"":""VARCHAR"",""CONNECT_PORT"":""INTEGER"",""Time"":""SECONDDATE"",""Used [GB]"":""DECIMAL"",""Free [GB]"":""DECIMAL""}"
3,pie,"{""SYSID"":""VARCHAR"",""Database"":""NVARCHAR"",""CONNECT_ID"":""VARCHAR"",""Severity"":""VARCHAR"",""Alert count"":""BIGINT""}"
256,timeseries_stacked_column,"{""Host"":""VARCHAR"",""Database"":""NVARCHAR"",""Time"":""TIMESTAMP"",""Used [GB]"":""DECIMAL"",""Free [GB]"":""DECIMAL""}"
10,donut,"{""Application Sources"":""NVARCHAR"",""CPU"":""DECIMAL""}"
52,dual_timeseries_combination,"{""CONNECT_HOST"":""VARCHAR"",""CONNECT_PORT"":""INTEGER"",""Time"":""TIMESTAMP"",""Avg CPU %"":""DECIMAL"",""Max CPU %"":""BIGINT"",""Statements per s"":""DECIMAL""}"
379,timeseries_stacked_column,"{""Time"":""TIMESTAMP"",""Application Sources"":""NVARCHAR"",""Running Threads per s"":""DECIMAL""}"
58,timeseries_line,"{""Time"":""SECONDDATE"",""In"":""DECIMAL"",""Out"":""DECIMAL""}"
25,timeseries_column,"{""Count"":""BIGINT"",""TIME"":""TIMESTAMP""}"
3,pie,"{""connectID"":""VARCHAR"",""SID"":""VARCHAR"",""Database"":""NVARCHAR"",""Severity"":""VARCHAR"",""Alert Count"":""BIGINT""}"
110,timeseries_stacked_column,"{""ID"":""BIGINT"",""TIME"":""SECONDDATE""}"
185,timeseries_line,"{""Time"":""SECONDDATE"",""HOST"":""VARCHAR"",""Allocation Limit (GB)"":""DECIMAL"",""Memory Used (GB)"":""DECIMAL""}"
1480,timeseries_line,"{""Time"":""SECONDDATE"",""COMPONENT"":""VARCHAR"",""Memory (GB)"":""DECIMAL""}"
5,pie,"{""SCHEMA_NAME"":""VARCHAR"",""MEMORY (GB)"":""DECIMAL""}"
110,timeseries_stacked_column,"{""ID"":""BIGINT"",""TIME"":""TIMESTAMP""}"
290,timeseries_line,"{""Timestamp"":""TIMESTAMP"",""Avg. CPU"":""DECIMAL"",""Max. CPU"":""BIGINT"",""Host"":""VARCHAR""}"
294,timeseries_line,"{""State"":""VARCHAR"",""Timestamps"":""BIGINT"",""Timestamp"":""TIMESTAMP"",""Threads"":""BIGINT"",""Average Threads"":""DECIMAL""}"
290,timeseries_line,"{""Timestamp"":""TIMESTAMP"",""Avg. Blocked Transactions"":""DECIMAL"",""Max. Blocked Transactions"":""BIGINT""}"
1,pie,"{""State"":""VARCHAR"",""Active Threads"":""BIGINT""}"
5,pie,"{""DBUser"":""NVARCHAR"",""Active Threads"":""BIGINT""}"
4,pie,"{""ApplicationUser"":""NVARCHAR"",""Active Threads"":""BIGINT""}"
3,pie,"{""ApplicationName"":""NVARCHAR"",""Active Threads"":""BIGINT""}"
50,pie,"{""ApplicationSource"":""NVARCHAR"",""Active Threads"":""BIGINT""}"
1,pie,"{""Lock Wait Component"":""VARCHAR"",""Active Threads"":""BIGINT""}"
1,pie,"{""Lock Wait Name"":""VARCHAR"",""Active Threads"":""BIGINT""}"
18,pie,"{""ThreadType"":""VARCHAR"",""Active Threads"":""BIGINT""}"
25,pie,"{""ThreadMethod"":""VARCHAR"",""Active Threads"":""BIGINT""}"
200,pie,"{""StatementHash"":""VARCHAR"",""Active Threads"":""BIGINT""}"
200,timeseries_line,"{""Timestamp"":""TIMESTAMP"",""Avg. Threads"":""DOUBLE""}"
1,heatmap,"{""System"":""NVARCHAR"",""Host Name"":""VARCHAR"",""System Type"":""VARCHAR"",""Version"":""VARCHAR"",""Uptime"":""VARCHAR"",""Amount"":""INTEGER""}"
69,timeseries_stacked_column,"{""CONNECT_HOST"":""VARCHAR"",""CONNECT_PORT"":""INTEGER"",""Time"":""SECONDDATE"",""Used [GB]"":""DECIMAL"",""Free [GB]"":""DECIMAL""}"
3,pie,"{""SYSID"":""VARCHAR"",""Database"":""NVARCHAR"",""CONNECT_ID"":""VARCHAR"",""Severity"":""VARCHAR"",""Alert count"":""BIGINT""}"
121,timeseries_stacked_column,"{""Host"":""VARCHAR"",""Database"":""NVARCHAR"",""Time"":""TIMESTAMP"",""Used [GB]"":""DECIMAL"",""Free [GB]"":""DECIMAL""}"
10,donut,"{""Application Sources"":""NVARCHAR"",""CPU"":""DECIMAL""}"
27,dual_timeseries_combination,"{""CONNECT_HOST"":""VARCHAR"",""CONNECT_PORT"":""INTEGER"",""Time"":""TIMESTAMP"",""Avg CPU %"":""DECIMAL"",""Max CPU %"":""BIGINT"",""Statements per s"":""DECIMAL""}"
172,timeseries_stacked_column,"{""Time"":""TIMESTAMP"",""Application Sources"":""NVARCHAR"",""Running Threads per s"":""DECIMAL""}"
29,timeseries_line,"{""Time"":""SECONDDATE"",""In"":""DECIMAL"",""Out"":""DECIMAL""}"
111,timeseries_stacked_column,"{""ID"":""BIGINT"",""TIME"":""TIMESTAMP""}"
299,timeseries_line,"{""Timestamp"":""TIMESTAMP"",""Avg. CPU"":""DECIMAL"",""Max. CPU"":""BIGINT"",""Host"":""VARCHAR""}"
211,timeseries_line,"{""State"":""VARCHAR"",""Timestamps"":""BIGINT"",""Timestamp"":""TIMESTAMP"",""Threads"":""BIGINT"",""Average Threads"":""DECIMAL""}"
299,timeseries_line,"{""Timestamp"":""TIMESTAMP"",""Avg. Blocked Transactions"":""DECIMAL"",""Max. Blocked Transactions"":""BIGINT""}"
1,pie,"{""State"":""VARCHAR"",""Active Threads"":""BIGINT""}"
2,pie,"{""DBUser"":""NVARCHAR"",""Active Threads"":""BIGINT""}"
4,pie,"{""ApplicationUser"":""NVARCHAR"",""Active Threads"":""BIGINT""}"
3,pie,"{""ApplicationName"":""NVARCHAR"",""Active Threads"":""BIGINT""}"
25,pie,"{""ApplicationSource"":""NVARCHAR"",""Active Threads"":""BIGINT""}"
1,pie,"{""Lock Wait Component"":""VARCHAR"",""Active Threads"":""BIGINT""}"
1,pie,"{""Lock Wait Name"":""VARCHAR"",""Active Threads"":""BIGINT""}"
11,pie,"{""ThreadType"":""VARCHAR"",""Active Threads"":""BIGINT""}"
6,pie,"{""ThreadMethod"":""VARCHAR"",""Active Threads"":""BIGINT""}"
200,pie,"{""StatementHash"":""VARCHAR"",""Active Threads"":""BIGINT""}"
179,timeseries_line,"{""Timestamp"":""TIMESTAMP"",""Avg. Threads"":""DOUBLE""}"
5,bar,"{""System Type"":""VARCHAR"",""Amount"":""BIGINT""}"
7,bar,"{""Version"":""VARCHAR"",""Amount"":""BIGINT""}"
1,heatmap,"{""Instance"":""VARCHAR"",""Amount"":""INTEGER"",""Host"":""VARCHAR""}"
284,timeseries_stacked_column,"{""Time"":""SECONDDATE"",""Used [%]"":""DECIMAL"",""Free [%]"":""DECIMAL""}"
130,timeseries_line,"{""SYSID"":""VARCHAR"",""Database"":""NVARCHAR"",""ConnectID"":""VARCHAR"",""Time"":""TIMESTAMP"",""Backup Type"":""VARCHAR"",""Backups an hour"":""BIGINT""}"
4,pie,"{""SYSID"":""VARCHAR"",""Database"":""NVARCHAR"",""CONNECT_ID"":""VARCHAR"",""Severity"":""VARCHAR"",""Alert count"":""BIGINT""}"
284,timeseries_stacked_column,"{""Time"":""SECONDDATE"",""Used [%]"":""DECIMAL"",""Free [%]"":""DECIMAL""}"
50,timeseries_bubble,"{""Session User Name"":""NVARCHAR"",""Total Execution Time (s)"":""DECIMAL"",""Time"":""SECONDDATE"",""Host"":""VARCHAR""}"
289,dual_timeseries_combination,"{""Time"":""TIMESTAMP"",""Avg CPU %"":""DECIMAL"",""Max CPU %"":""BIGINT"",""Statements per s"":""DECIMAL""}"
820,timeseries_stacked_column,"{""Time"":""TIMESTAMP"",""Application Sources"":""NVARCHAR"",""Running Threads per s"":""DECIMAL""}"
285,timeseries_line,"{""Time"":""SECONDDATE"",""Host"":""VARCHAR"",""In"":""DECIMAL"",""Out"":""DECIMAL""}"
1,heatmap,"{""Instance"":""VARCHAR"",""Host"":""VARCHAR"",""Amount"":""INTEGER""}"
22,timeseries_stacked_column,"{""ID"":""BIGINT"",""TIME"":""SECONDDATE""}"
10,timeseries_line,"{""Time"":""SECONDDATE"",""Allocation Limit (GB)"":""DECIMAL"",""Memory Used (GB)"":""DECIMAL""}"
80,timeseries_line,"{""Time"":""SECONDDATE"",""COMPONENT"":""VARCHAR"",""Memory (GB)"":""DECIMAL""}"
210,timeseries_line,"{""Time"":""SECONDDATE"",""COMPONENT"":""VARCHAR"",""Memory (B)"":""DECIMAL""}"
70,timeseries_line,"{""Time"":""SECONDDATE"",""COMPONENT"":""VARCHAR"",""Memory (GB)"":""DECIMAL""}"
3,pie,"{""SCHEMA_NAME"":""VARCHAR"",""MEMORY (MB)"":""DECIMAL""}"
60,timeseries_line,"{""Time"":""SECONDDATE"",""COMPONENT"":""VARCHAR"",""Memory (GB)"":""DECIMAL""}"
1,heatmap,"{""Instance"":""VARCHAR"",""Host"":""VARCHAR"",""Amount"":""INTEGER""}"
22,timeseries_column,"{""ID"":""BIGINT"",""TIME"":""TIMESTAMP""}"
10,timeseries_line,"{""Backup Size [Byte]"":""BIGINT"",""Time"":""SECONDDATE""}"
1,heatmap,"{""Instance"":""VARCHAR"",""Host"":""VARCHAR"",""Amount"":""INTEGER""}"
189,timeseries_column,"{""Count"":""BIGINT"",""TIME"":""TIMESTAMP""}"
4,pie,"{""connectID"":""VARCHAR"",""SID"":""VARCHAR"",""Database"":""NVARCHAR"",""Severity"":""VARCHAR"",""Alert Count"":""BIGINT""}"
1,heatmap,"{""Instance"":""VARCHAR"",""Host"":""VARCHAR"",""Amount"":""INTEGER""}"
22,timeseries_column,"{""ID"":""BIGINT"",""TIME"":""TIMESTAMP""}"
10,timeseries_line,"{""Time"":""SECONDDATE"",""HOST"":""VARCHAR"",""Host CPU"":""BIGINT"",""HANA CPU"":""BIGINT""}"
90,timeseries_bubble,"{""Service Name"":""VARCHAR"",""CPU (%)"":""DECIMAL"",""Time"":""SECONDDATE""}"
10,timeseries_line,"{""Time"":""SECONDDATE"",""Avg. CPU"":""DECIMAL"",""Avg. MVCC Version Count"":""DECIMAL""}"
10,timeseries_line,"{""State"":""VARCHAR"",""Timestamps"":""SECONDDATE"",""Avg. Threads"":""DECIMAL""}"
10,timeseries_line,"{""Database"":""NVARCHAR"",""Host"":""VARCHAR"",""Timestamps"":""SECONDDATE"",""Avg. Statement"":""DECIMAL""}"
1,heatmap,"{""Instance"":""VARCHAR"",""Host"":""VARCHAR"",""Amount"":""INTEGER""}"
109,timeseries_stacked_column,"{""ID"":""BIGINT"",""TIME"":""TIMESTAMP""}"
277,timeseries_line,"{""Timestamp"":""TIMESTAMP"",""Avg. CPU"":""DECIMAL"",""Max. CPU"":""BIGINT""}"
294,timeseries_line,"{""State"":""VARCHAR"",""Timestamps"":""BIGINT"",""Timestamp"":""TIMESTAMP"",""Threads"":""BIGINT"",""Average Threads"":""DECIMAL""}"
277,timeseries_line,"{""Timestamp"":""TIMESTAMP"",""Avg. Blocked Transactions"":""DECIMAL"",""Max. Blocked Transactions"":""BIGINT""}"
1,pie,"{""State"":""VARCHAR"",""Active Threads"":""BIGINT""}"
5,pie,"{""DBUser"":""NVARCHAR"",""Active Threads"":""BIGINT""}"
5,pie,"{""ApplicationUser"":""NVARCHAR"",""Active Threads"":""BIGINT""}"
4,pie,"{""ApplicationName"":""NVARCHAR"",""Active Threads"":""BIGINT""}"
200,pie,"{""ApplicationSource"":""NVARCHAR"",""Active Threads"":""BIGINT""}"
1,pie,"{""Lock Wait Component"":""VARCHAR"",""Active Threads"":""BIGINT""}"
1,pie,"{""Lock Wait Name"":""VARCHAR"",""Active Threads"":""BIGINT""}"
25,pie,"{""ThreadType"":""VARCHAR"",""Active Threads"":""BIGINT""}"
30,pie,"{""ThreadMethod"":""VARCHAR"",""Active Threads"":""BIGINT""}"
133,pie,"{""StatementHash"":""VARCHAR"",""Active Threads"":""BIGINT""}"
196,timeseries_line,"{""Timestamp"":""TIMESTAMP"",""Avg. Threads"":""DOUBLE""}"
1,heatmap,"{""Instance"":""VARCHAR"",""Host"":""VARCHAR"",""Amount"":""INTEGER""}"
22,timeseries_column,"{""ID"":""BIGINT"",""TIME"":""TIMESTAMP""}"
10,timeseries_line,"{""Database"":""NVARCHAR"",""Host"":""VARCHAR"",""Timestamps"":""SECONDDATE"",""In"":""DECIMAL"",""Out"":""DECIMAL""}"
2,heatmap,"{""Instance"":""VARCHAR"",""Amount"":""INTEGER"",""Host"":""VARCHAR""}"
85,timeseries_stacked_column,"{""Time"":""SECONDDATE"",""Used [%]"":""DECIMAL"",""Free [%]"":""DECIMAL""}"
97,timeseries_line,"{""SYSID"":""VARCHAR"",""Database"":""NVARCHAR"",""ConnectID"":""VARCHAR"",""Time"":""TIMESTAMP"",""Backup Type"":""VARCHAR"",""Backups an hour"":""BIGINT""}"
4,pie,"{""SYSID"":""VARCHAR"",""Database"":""NVARCHAR"",""CONNECT_ID"":""VARCHAR"",""Severity"":""VARCHAR"",""Alert count"":""BIGINT""}"
85,timeseries_stacked_column,"{""Time"":""SECONDDATE"",""Used [%]"":""DECIMAL"",""Free [%]"":""DECIMAL""}"
50,timeseries_bubble,"{""Session User Name"":""NVARCHAR"",""Total Execution Time (s)"":""DECIMAL"",""Time"":""SECONDDATE"",""Host"":""VARCHAR""}"
279,dual_timeseries_combination,"{""Time"":""TIMESTAMP"",""Avg CPU %"":""DECIMAL"",""Max CPU %"":""BIGINT"",""Statements per s"":""DECIMAL""}"
695,timeseries_stacked_column,"{""Time"":""TIMESTAMP"",""Application Sources"":""NVARCHAR"",""Running Threads per s"":""DECIMAL""}"
172,timeseries_line,"{""Time"":""SECONDDATE"",""Host"":""VARCHAR"",""In"":""DECIMAL"",""Out"":""DECIMAL""}"
2,heatmap,"{""Instance"":""VARCHAR"",""Host"":""VARCHAR"",""Amount"":""INTEGER""}"
8,timeseries_stacked_column,"{""ID"":""BIGINT"",""TIME"":""SECONDDATE""}"
5,pie,"{""SCHEMA_NAME"":""VARCHAR"",""MEMORY (MB)"":""DECIMAL""}"
2,heatmap,"{""Instance"":""VARCHAR"",""Amount"":""INTEGER"",""Host"":""VARCHAR""}"
85,timeseries_stacked_column,"{""Time"":""SECONDDATE"",""Used [%]"":""DECIMAL"",""Free [%]"":""DECIMAL""}"
97,timeseries_line,"{""SYSID"":""VARCHAR"",""Database"":""NVARCHAR"",""ConnectID"":""VARCHAR"",""Time"":""TIMESTAMP"",""Backup Type"":""VARCHAR"",""Backups an hour"":""BIGINT""}"
4,pie,"{""SYSID"":""VARCHAR"",""Database"":""NVARCHAR"",""CONNECT_ID"":""VARCHAR"",""Severity"":""VARCHAR"",""Alert count"":""BIGINT""}"
85,timeseries_stacked_column,"{""Time"":""SECONDDATE"",""Used [%]"":""DECIMAL"",""Free [%]"":""DECIMAL""}"
50,timeseries_bubble,"{""Session User Name"":""NVARCHAR"",""Total Execution Time (s)"":""DECIMAL"",""Time"":""SECONDDATE"",""Host"":""VARCHAR""}"
279,dual_timeseries_combination,"{""Time"":""TIMESTAMP"",""Avg CPU %"":""DECIMAL"",""Max CPU %"":""BIGINT"",""Statements per s"":""DECIMAL""}"
695,timeseries_stacked_column,"{""Time"":""TIMESTAMP"",""Application Sources"":""NVARCHAR"",""Running Threads per s"":""DECIMAL""}"
172,timeseries_line,"{""Time"":""SECONDDATE"",""Host"":""VARCHAR"",""In"":""DECIMAL"",""Out"":""DECIMAL""}"
2,heatmap,"{""Instance"":""VARCHAR"",""Amount"":""INTEGER"",""Host"":""VARCHAR""}"
85,timeseries_stacked_column,"{""Time"":""SECONDDATE"",""Used [%]"":""DECIMAL"",""Free [%]"":""DECIMAL""}"
97,timeseries_line,"{""SYSID"":""VARCHAR"",""Database"":""NVARCHAR"",""ConnectID"":""VARCHAR"",""Time"":""TIMESTAMP"",""Backup Type"":""VARCHAR"",""Backups an hour"":""BIGINT""}"
4,pie,"{""SYSID"":""VARCHAR"",""Database"":""NVARCHAR"",""CONNECT_ID"":""VARCHAR"",""Severity"":""VARCHAR"",""Alert count"":""BIGINT""}"
85,timeseries_stacked_column,"{""Time"":""SECONDDATE"",""Used [%]"":""DECIMAL"",""Free [%]"":""DECIMAL""}"
50,timeseries_bubble,"{""Session User Name"":""NVARCHAR"",""Total Execution Time (s)"":""DECIMAL"",""Time"":""SECONDDATE"",""Host"":""VARCHAR""}"
279,dual_timeseries_combination,"{""Time"":""TIMESTAMP"",""Avg CPU %"":""DECIMAL"",""Max CPU %"":""BIGINT"",""Statements per s"":""DECIMAL""}"
695,timeseries_stacked_column,"{""Time"":""TIMESTAMP"",""Application Sources"":""NVARCHAR"",""Running Threads per s"":""DECIMAL""}"
172,timeseries_line,"{""Time"":""SECONDDATE"",""Host"":""VARCHAR"",""In"":""DECIMAL"",""Out"":""DECIMAL""}"
1,heatmap,"{""Instance"":""VARCHAR"",""Amount"":""INTEGER"",""Host"":""VARCHAR""}"
288,timeseries_stacked_column,"{""Time"":""SECONDDATE"",""Used [%]"":""DECIMAL"",""Free [%]"":""DECIMAL""}"
3,pie,"{""SYSID"":""VARCHAR"",""Database"":""NVARCHAR"",""CONNECT_ID"":""VARCHAR"",""Severity"":""VARCHAR"",""Alert count"":""BIGINT""}"
288,timeseries_stacked_column,"{""Time"":""SECONDDATE"",""Used [%]"":""DECIMAL"",""Free [%]"":""DECIMAL""}"
50,timeseries_bubble,"{""Session User Name"":""NVARCHAR"",""Total Execution Time (s)"":""DECIMAL"",""Time"":""SECONDDATE"",""Host"":""VARCHAR""}"
289,dual_timeseries_combination,"{""Time"":""TIMESTAMP"",""Avg CPU %"":""DECIMAL"",""Max CPU %"":""BIGINT"",""Statements per s"":""DECIMAL""}"
586,timeseries_stacked_column,"{""Time"":""TIMESTAMP"",""Application Sources"":""NVARCHAR"",""Running Threads per s"":""DECIMAL""}"
279,timeseries_line,"{""Time"":""SECONDDATE"",""Host"":""VARCHAR"",""In"":""DECIMAL"",""Out"":""DECIMAL""}"
1,heatmap,"{""Instance"":""VARCHAR"",""Host"":""VARCHAR"",""Amount"":""INTEGER""}"
22,timeseries_stacked_column,"{""ID"":""BIGINT"",""TIME"":""SECONDDATE""}"
10,timeseries_line,"{""Time"":""SECONDDATE"",""Allocation Limit (GB)"":""DECIMAL"",""Memory Used (GB)"":""DECIMAL""}"
80,timeseries_line,"{""Time"":""SECONDDATE"",""COMPONENT"":""VARCHAR"",""Memory (GB)"":""DECIMAL""}"
190,timeseries_line,"{""Time"":""SECONDDATE"",""COMPONENT"":""VARCHAR"",""Memory (B)"":""DECIMAL""}"
70,timeseries_line,"{""Time"":""SECONDDATE"",""COMPONENT"":""VARCHAR"",""Memory (GB)"":""DECIMAL""}"
2,pie,"{""SCHEMA_NAME"":""VARCHAR"",""MEMORY (MB)"":""DECIMAL""}"
60,timeseries_line,"{""Time"":""SECONDDATE"",""COMPONENT"":""VARCHAR"",""Memory (GB)"":""DECIMAL""}"
1,heatmap,"{""Instance"":""VARCHAR"",""Host"":""VARCHAR"",""Amount"":""INTEGER""}"
193,timeseries_column,"{""Count"":""BIGINT"",""TIME"":""TIMESTAMP""}"
3,pie,"{""connectID"":""VARCHAR"",""SID"":""VARCHAR"",""Database"":""NVARCHAR"",""Severity"":""VARCHAR"",""Alert Count"":""BIGINT""}"
1,heatmap,"{""Instance"":""VARCHAR"",""Host"":""VARCHAR"",""Amount"":""INTEGER""}"
22,timeseries_column,"{""ID"":""BIGINT"",""TIME"":""TIMESTAMP""}"
10,timeseries_line,"{""Time"":""SECONDDATE"",""HOST"":""VARCHAR"",""Host CPU"":""BIGINT"",""HANA CPU"":""BIGINT""}"
60,timeseries_bubble,"{""Service Name"":""VARCHAR"",""CPU (%)"":""DECIMAL"",""Time"":""SECONDDATE""}"
10,timeseries_line,"{""Time"":""SECONDDATE"",""Avg. CPU"":""DECIMAL"",""Avg. MVCC Version Count"":""DECIMAL""}"
10,timeseries_line,"{""State"":""VARCHAR"",""Timestamps"":""SECONDDATE"",""Avg. Threads"":""DECIMAL""}"
10,timeseries_line,"{""Database"":""NVARCHAR"",""Host"":""VARCHAR"",""Timestamps"":""SECONDDATE"",""Avg. Statement"":""DECIMAL""}"
1,heatmap,"{""Instance"":""VARCHAR"",""Host"":""VARCHAR"",""Amount"":""INTEGER""}"
111,timeseries_stacked_column,"{""ID"":""BIGINT"",""TIME"":""TIMESTAMP""}"
283,timeseries_line,"{""Timestamp"":""TIMESTAMP"",""Avg. CPU"":""DECIMAL"",""Max. CPU"":""BIGINT""}"
112,timeseries_line,"{""State"":""VARCHAR"",""Timestamps"":""BIGINT"",""Timestamp"":""TIMESTAMP"",""Threads"":""BIGINT"",""Average Threads"":""DECIMAL""}"
283,timeseries_line,"{""Timestamp"":""TIMESTAMP"",""Avg. Blocked Transactions"":""DECIMAL"",""Max. Blocked Transactions"":""BIGINT""}"
1,pie,"{""State"":""VARCHAR"",""Active Threads"":""BIGINT""}"
2,pie,"{""DBUser"":""NVARCHAR"",""Active Threads"":""BIGINT""}"
3,pie,"{""ApplicationUser"":""NVARCHAR"",""Active Threads"":""BIGINT""}"
2,pie,"{""ApplicationName"":""NVARCHAR"",""Active Threads"":""BIGINT""}"
84,pie,"{""ApplicationSource"":""NVARCHAR"",""Active Threads"":""BIGINT""}"
1,pie,"{""Lock Wait Component"":""VARCHAR"",""Active Threads"":""BIGINT""}"
1,pie,"{""Lock Wait Name"":""VARCHAR"",""Active Threads"":""BIGINT""}"
19,pie,"{""ThreadType"":""VARCHAR"",""Active Threads"":""BIGINT""}"
11,pie,"{""ThreadMethod"":""VARCHAR"",""Active Threads"":""BIGINT""}"
70,pie,"{""StatementHash"":""VARCHAR"",""Active Threads"":""BIGINT""}"
99,timeseries_line,"{""Timestamp"":""TIMESTAMP"",""Avg. Threads"":""DOUBLE""}"
1,heatmap,"{""Instance"":""VARCHAR"",""Host"":""VARCHAR"",""Amount"":""INTEGER""}"
22,timeseries_column,"{""ID"":""BIGINT"",""TIME"":""TIMESTAMP""}"
12,timeseries_line,"{""Database"":""NVARCHAR"",""Host"":""VARCHAR"",""Timestamps"":""SECONDDATE"",""In"":""DECIMAL"",""Out"":""DECIMAL""}"
2,heatmap,"{""Instance"":""VARCHAR"",""Amount"":""INTEGER"",""Host"":""VARCHAR""}"
86,timeseries_stacked_column,"{""Time"":""SECONDDATE"",""Used [%]"":""DECIMAL"",""Free [%]"":""DECIMAL""}"
98,timeseries_line,"{""SYSID"":""VARCHAR"",""Database"":""NVARCHAR"",""ConnectID"":""VARCHAR"",""Time"":""TIMESTAMP"",""Backup Type"":""VARCHAR"",""Backups an hour"":""BIGINT""}"
4,pie,"{""SYSID"":""VARCHAR"",""Database"":""NVARCHAR"",""CONNECT_ID"":""VARCHAR"",""Severity"":""VARCHAR"",""Alert count"":""BIGINT""}"
86,timeseries_stacked_column,"{""Time"":""SECONDDATE"",""Used [%]"":""DECIMAL"",""Free [%]"":""DECIMAL""}"
50,timeseries_bubble,"{""Session User Name"":""NVARCHAR"",""Total Execution Time (s)"":""DECIMAL"",""Time"":""SECONDDATE"",""Host"":""VARCHAR""}"
293,dual_timeseries_combination,"{""Time"":""TIMESTAMP"",""Avg CPU %"":""DECIMAL"",""Max CPU %"":""BIGINT"",""Statements per s"":""DECIMAL""}"
730,timeseries_stacked_column,"{""Time"":""TIMESTAMP"",""Application Sources"":""NVARCHAR"",""Running Threads per s"":""DECIMAL""}"
174,timeseries_line,"{""Time"":""SECONDDATE"",""Host"":""VARCHAR"",""In"":""DECIMAL"",""Out"":""DECIMAL""}"
2,heatmap,"{""Instance"":""VARCHAR"",""Host"":""VARCHAR"",""Amount"":""INTEGER""}"
94,timeseries_stacked_column,"{""ID"":""BIGINT"",""TIME"":""TIMESTAMP""}"
361,timeseries_line,"{""Timestamp"":""TIMESTAMP"",""Avg. CPU"":""DECIMAL"",""Max. CPU"":""BIGINT""}"
359,timeseries_line,"{""State"":""VARCHAR"",""Timestamps"":""BIGINT"",""Timestamp"":""TIMESTAMP"",""Threads"":""BIGINT"",""Average Threads"":""DECIMAL""}"
361,timeseries_line,"{""Timestamp"":""TIMESTAMP"",""Avg. Blocked Transactions"":""DECIMAL"",""Max. Blocked Transactions"":""BIGINT""}"
1,pie,"{""State"":""VARCHAR"",""Active Threads"":""BIGINT""}"
6,pie,"{""DBUser"":""NVARCHAR"",""Active Threads"":""BIGINT""}"
8,pie,"{""ApplicationUser"":""NVARCHAR"",""Active Threads"":""BIGINT""}"
4,pie,"{""ApplicationName"":""NVARCHAR"",""Active Threads"":""BIGINT""}"
200,pie,"{""ApplicationSource"":""NVARCHAR"",""Active Threads"":""BIGINT""}"
1,pie,"{""Lock Wait Component"":""VARCHAR"",""Active Threads"":""BIGINT""}"
1,pie,"{""Lock Wait Name"":""VARCHAR"",""Active Threads"":""BIGINT""}"
26,pie,"{""ThreadType"":""VARCHAR"",""Active Threads"":""BIGINT""}"
57,pie,"{""ThreadMethod"":""VARCHAR"",""Active Threads"":""BIGINT""}"
200,pie,"{""StatementHash"":""VARCHAR"",""Active Threads"":""BIGINT""}"
200,timeseries_line,"{""Timestamp"":""TIMESTAMP"",""Avg. Threads"":""DOUBLE""}"
193,timeseries_column,"{""ID"":""BIGINT"",""TIME"":""SECONDDATE""}"
10,stacked_column,"{""File System"":""NVARCHAR"",""Type"":""NVARCHAR"",""Used"":""DECIMAL"",""Free"":""DECIMAL""}"
867,timeseries_line,"{""Time"":""SECONDDATE"",""Type"":""NVARCHAR"",""Used"":""DECIMAL""}"
289,timeseries_line,"{""Time"":""SECONDDATE"",""Avg"":""DECIMAL"",""Max"":""DECIMAL"",""Wait"":""DECIMAL""}"
289,timeseries_stacked_column,"{""Time"":""SECONDDATE"",""Total"":""DECIMAL"",""Used"":""DECIMAL"",""Free"":""DECIMAL""}"
289,timeseries_line,"{""Time"":""SECONDDATE"",""In"":""DECIMAL"",""Out"":""DECIMAL""}"
289,timeseries_line,"{""Time"":""SECONDDATE"",""1m"":""DOUBLE"",""5m"":""DOUBLE"",""15m"":""DOUBLE""}"
289,dual_timeseries_combination,"{""Time"":""SECONDDATE"",""User"":""NVARCHAR"",""Application"":""NVARCHAR"",""Process CPU (%)"":""DECIMAL"",""Process Memory (MB)"":""DECIMAL""}"
193,timeseries_line,"{""ID"":""BIGINT"",""TIME"":""SECONDDATE""}"
30,heatmap,"{""CONNECT_ID"":""VARCHAR"",""Execution Time (s)"":""DECIMAL""}"
5000,timeseries_line,"{""CONNECT_ID"":""VARCHAR"",""Execution Time"":""DECIMAL"",""Time"":""SECONDDATE""}"
288,dual_timeseries_combination,"{""TIME"":""SECONDDATE"",""RECORDS"":""BIGINT"",""TOTAL_SIZE_KB"":""DECIMAL""}"
5000,timeseries_line,"{""CONNECT_ID"":""VARCHAR"",""TIME"":""SECONDDATE"",""RECORDS"":""BIGINT""}"
279,dual_timeseries_combination,"{""CONNECT_ID"":""VARCHAR"",""TIME"":""SECONDDATE"",""RECORDS"":""BIGINT"",""TOTAL_SIZE"":""DECIMAL""}"
8,dual_timeseries_combination,"{""TIME"":""SECONDDATE"",""RECORDS"":""BIGINT"",""TOTAL_SIZE_KB"":""DECIMAL""}"
193,timeseries_line,"{""ID"":""BIGINT"",""TIME"":""SECONDDATE""}"
30,heatmap,"{""CONNECT_ID"":""VARCHAR"",""Execution Time (s)"":""DECIMAL""}"
268,timeseries_line,"{""CONNECT_ID"":""VARCHAR"",""Execution Time"":""DECIMAL"",""Time"":""SECONDDATE""}"
288,dual_timeseries_combination,"{""TIME"":""SECONDDATE"",""RECORDS"":""BIGINT"",""TOTAL_SIZE_KB"":""DECIMAL""}"
5000,timeseries_line,"{""CONNECT_ID"":""VARCHAR"",""TIME"":""SECONDDATE"",""RECORDS"":""BIGINT""}"
279,dual_timeseries_combination,"{""CONNECT_ID"":""VARCHAR"",""TIME"":""SECONDDATE"",""RECORDS"":""BIGINT"",""TOTAL_SIZE"":""DECIMAL""}"
8,dual_timeseries_combination,"{""TIME"":""SECONDDATE"",""RECORDS"":""BIGINT"",""TOTAL_SIZE_KB"":""DECIMAL""}"
193,timeseries_line,"{""ID"":""BIGINT"",""TIME"":""SECONDDATE""}"
30,heatmap,"{""CONNECT_ID"":""VARCHAR"",""Execution Time (s)"":""DECIMAL""}"
288,timeseries_line,"{""CONNECT_ID"":""VARCHAR"",""Execution Time"":""DECIMAL"",""Time"":""SECONDDATE""}"
288,dual_timeseries_combination,"{""TIME"":""SECONDDATE"",""RECORDS"":""BIGINT"",""TOTAL_SIZE_KB"":""DECIMAL""}"
5000,timeseries_line,"{""CONNECT_ID"":""VARCHAR"",""TIME"":""SECONDDATE"",""RECORDS"":""BIGINT""}"
279,dual_timeseries_combination,"{""CONNECT_ID"":""VARCHAR"",""TIME"":""SECONDDATE"",""RECORDS"":""BIGINT"",""TOTAL_SIZE"":""DECIMAL""}"
8,dual_timeseries_combination,"{""TIME"":""SECONDDATE"",""RECORDS"":""BIGINT"",""TOTAL_SIZE_KB"":""DECIMAL""}"
1,stacked_bar,"{""Host"":""VARCHAR"",""Used"":""DECIMAL"",""Free"":""DECIMAL"",""Total"":""DECIMAL""}"
1,stacked_bar,"{""Host"":""VARCHAR"",""Used"":""DECIMAL"",""Free"":""DECIMAL"",""Total"":""DECIMAL""}"
1,stacked_bar,"{""Host"":""VARCHAR"",""Used"":""DECIMAL"",""Free"":""DECIMAL"",""Total"":""DECIMAL""}"
4,stacked_bar,"{""Schema"":""NVARCHAR"",""Memory"":""DECIMAL"",""Host"":""VARCHAR""}"
145,timeseries_line,"{""Time"":""TIMESTAMP"",""Host"":""VARCHAR"",""Storage Used"":""DECIMAL"",""Memory Used"":""DECIMAL"",""CPU Used"":""DECIMAL""}"
73,timeseries_line,"{""Time"":""TIMESTAMP"",""Host"":""VARCHAR"",""Storage Used"":""DECIMAL"",""Memory Used"":""DECIMAL"",""CPU Used"":""DECIMAL""}"
279,timeseries_line,"{""Time"":""TIMESTAMP"",""Host"":""VARCHAR"",""Storage Used"":""DECIMAL"",""Memory Used"":""DECIMAL"",""CPU Used"":""DECIMAL""}"
451,timeseries_line,"{""Time"":""TIMESTAMP"",""Events"":""BIGINT""}"
451,timeseries_line,"{""TIME"":""TIMESTAMP"",""Memory"":""DECIMAL"",""Main"":""DECIMAL"",""Delta"":""DECIMAL""}"
193,timeseries_column,"{""ID"":""BIGINT"",""TIME"":""SECONDDATE""}"
33,heatmap,"{""Instance"":""NVARCHAR"",""Execution Time (s)"":""DECIMAL""}"
5000,timeseries_line,"{""Instance"":""NVARCHAR"",""Execution Time"":""DECIMAL"",""Time"":""SECONDDATE""}"
193,timeseries_column,"{""ID"":""BIGINT"",""TIME"":""SECONDDATE""}"
33,heatmap,"{""Instance"":""NVARCHAR"",""Execution Time (s)"":""DECIMAL""}"
5000,timeseries_line,"{""Instance"":""NVARCHAR"",""Execution Time"":""DECIMAL"",""Time"":""SECONDDATE""}"
193,timeseries_column,"{""ID"":""BIGINT"",""TIME"":""SECONDDATE""}"
33,heatmap,"{""Instance"":""NVARCHAR"",""Execution Time (s)"":""DECIMAL""}"
5000,timeseries_line,"{""Instance"":""NVARCHAR"",""Execution Time"":""DECIMAL"",""Time"":""SECONDDATE""}"
1,pie,"{""Status"":""VARCHAR"",""Alerts"":""BIGINT""}"
1,bar,"{""Alert Severity"":""NVARCHAR"",""Number of Alerts"":""BIGINT""}"
4,heatmap,"{""Managed Object"":""NVARCHAR"",""Number of Alerts"":""BIGINT""}"
33,heatmap,"{""Instance"":""NVARCHAR"",""Execution Time (s)"":""DECIMAL""}"
33,heatmap,"{""Instance"":""NVARCHAR"",""Execution Time (s)"":""DECIMAL""}"
33,heatmap,"{""Instance"":""NVARCHAR"",""Execution Time (s)"":""DECIMAL""}"
